key,job_role,job_title,company_name,skills,job_type,location,experience
1,Data Engineer,Data Engineer,Synechron Technologies Private Limited,"['Data Engineer', 'Spark', 'Hive', 'Sqoop', 'Kafka']",Full time,Gurgaon / Gurugram,7-10 Years
2,Data Engineer,Data Engineer,Synechron Technologies Private Limited,"['Data Engineer', 'Spark', 'Hive', 'Sqoop', 'Kafka']",Full time,"Bengaluru / Bangalore, Mumbai",7-10 Years
3,Data Engineer,Data Engineer,Synechron Technologies Private Limited,"['Data Engineer', 'Spark', 'Hive', 'Sqoop', 'Kafka']",Full time,"Chennai, Pune",7-10 Years
4,Data Engineer,Data Engineer Ab Initio,Brain Management Consultants India Private Limited,"['Ab Initio GDE', 'Ab Initio', 'Abinitio']",Full time,"Bengaluru / Bangalore, Gurgaon / Gurugram",3-10 Years
5,Data Engineer,Data Engineer - OACS,LTIMindtree Limited,"['OACS', 'OAC', 'OAS', 'OBIEE']",Full time,Mumbai,3-8 Years
6,Data Engineer,Data Engineer- OBIEE,LTIMindtree Limited,"['Business Intelligence', 'OBIEE', 'Data Warehouse']",Full time,"Bengaluru / Bangalore, Mumbai",3-8 Years
7,Data Engineer,Data Engineer with Python,HNM Solutions,"['Data Engineer', 'python', 'AWS', 'Pyspark']",Full time,Chennai,5-5 Years
8,Data Engineer,Data Engineer,Supernal Infotech Private Limited,"['AWS Glue', 'Redshift', 'Kinesis']","Contract Job, International, Part time","Malaysia, Thailand",6-8 Years
9,Data Engineer,Data Engineer And DataWare House,Quess IT Staffing (Formerly known as Magna Infotech),"['Dataware House', 'Python', 'Pyspark', 'Sql Queries']",Full time,"Hyderabad / Secunderabad, Telangana",5-10 Years
10,Data Engineer,Data Engineer,Mobile Programming LLC,['SQL Python/Scala/Java Big Data technologies (Hadoop'],Full time,"Bengaluru / Bangalore, Chennai",3-5 Years
11,Data Engineer,Snowflake Data Engineer (Snowflake Datawarehouse) Lead,Santo Systems Private Limited,"['Snowflake Data Engineer', 'Snowflake Data Warehouse']",Full time,Bengaluru / Bangalore,12-14 Years
12,Data Engineer,Data Engineer,Tranquil Hr Solutions Private Limited,"['Cloud Data Engineering', 'Spark', 'Databricks']",Full time,Chennai,4-6 Years
13,Data Engineer,Data engineer,Live Connections,"['Big Data', 'Pyspark', 'Python']",Full time,Chennai,2-5 Years
14,Data Engineer,Data Governance Engineer,HR Desire,"['Analytical Skills', 'Data Governance', 'Microsoft Azure']",Full time,Gurgaon / Gurugram,4-8 Years
15,Data Engineer,Data Engineer,Quess IT Staffing (Formerly known as Magna Infotech),"['Azure', 'Aws Cloud']",Full time,Bengaluru / Bangalore,4-10 Years
16,Data Engineer,Senior Data Engineer for Enterprise AI/ML,Oracle,"['data pipelines', 'Data Flow', 'data scientists']",Full time,"Bengaluru / Bangalore, India",0-2 Years
17,Data Engineer,Senior Principal Data Engineer - AI/ML - Bangalore,Michael Page,"['Eventhub', 'snowflake', 'ETL/ELT', 'Spark', 'Kafka']",Full time,"Bengaluru / Bangalore, India",3-15 Years
18,Data Engineer,Azure Data Engineer,Company name confidential,"['Adf', 'Azure Data Bricks', 'Azure Data Lake', 'Pyspark']",Full time,"Bengaluru / Bangalore, Hyderabad / Secunderabad, Telangana",5-13 Years
19,Data Engineer,Consulting - SA&MA - Stream Data Engineer,Deloitte,"['AtScale', 'Gcp', 'BigQuery', 'Sql', 'Etl', 'Python']",Full time,"Delhi, India",0-2 Years
20,Data Engineer,Urgent requirement WFH or remote C2C-Azure Cloud Graph Data Engineer,Mindpower HR Solutions,['Graph database. Graph Modeling & Ingestion. Cypher/GQL'],Full time,Remote,5-15 Years
21,Data Engineer,Principal Consultant - Google Cloud Platform (GCP) Data Engineer,Genpact,"['dataprep', 'data engineering', 'Data Integration']",Full time,"Gurugram, Gurgaon / Gurugram",0-2 Years
22,Data Engineer,Principal Consultant-Senior Data Engineer,Genpact,"['Python', 'Sql', 'graph databases', 'AWS', 'Etl']",Full time,Pune,5-10 Years
23,Data Engineer,Principal Consultant-Senior Data Engineer,Genpact,"['dbt', 'snowflake', 'AWS/Azure/GCP', 'Python/PySpark']",Full time,Bengaluru / Bangalore,5-10 Years
24,Data Engineer,Senior Data Engineer - Data Analytics Competence GECIA,Atlas Copco,"['Ac', 'Tibco Data Virtualisation', 'Sql', 'Power Bi']",Full time,"Pune, India",2-3 Years
25,Data Engineer,Deputy Manager_Assistant Lead_GCP Data Engineer_Pune,Vodafone,"['GCP DataProc', 'Nosql', 'BigQuery', 'Pyspark']",Full time,Pune,5-9 Years
26,Data Engineer,Azure Data Engineer,GSPANN Technologies,"['Azure Blob Storage', 'Azure Data Factory', 'Azure Data Lake']",Full time,"Gurgaon / Gurugram, Hyderabad / Secunderabad, Telangana",6-15 Years
27,Data Engineer,Senior Data Engineer,White Horse Manpower Consultancy Private Limited,"['Power informatica', 'Oracle', 'SQL Server', 'Sdlc Process']",Full time,Bengaluru / Bangalore,8-12 Years
28,Data Engineer,Asst. Manager - AWS Data Engineer,Genpact,"['Athena', 'Glue', 'AWS', 'Sql', 'Etl', 'S3', 'Python']",Full time,Bengaluru / Bangalore,0-2 Years
29,Data Engineer,Python Data engineer in a reputed company .,Talentico Consultancy Services,['6-8 + years of building and supporting full stack technology solutions with a focus on data Expertise in data architecture Expertise in database products'],Full time,Pune,6-8 Years
30,Data Engineer,Senior Data Engineer,Oracle,"['Business Intelligence', 'Sql', 'Data Science', 'Etl']",Full time,"Hyderabad / Secunderabad, Telangana, India",0-2 Years
31,Data Engineer,Tableau Data Engineer (Infrastructure Systems),Apple,"['snowflake', 'Sql', 'D3', 'Vertica', 'Python', 'Perl']",Full time,"Hyderabad / Secunderabad, Telangana, India",4-6 Years
32,Data Engineer,"Data Engineer II, Amazon Music",Amazon Music,"['Airflow', 'SageMaker', 'FireHose', 'AWS', 'Sql']",Full time,India,3-5 Years
33,Data Engineer,Data Engineer - AWS PySpark,Cognizant,[],Full time,"Gurgaon / Gurugram, India",Fresher
34,Data Engineer,"Data Engineer, Translation Services",Amazon Music,"['Warehousing', 'non-relational databases', 'column-family databases']",Full time,India,3-5 Years
35,Data Engineer,Data Governance Engineer,HR Desire,"['Analytical Skills', 'Data Governance', 'Microsoft Azure']",Full time,Gurgaon / Gurugram,4-8 Years
36,Data Engineer,Data Engineer,Ford Motor Company,"['Pub Sub', 'Big Query', 'Sql', 'Java', 'Apache Spark']",Full time,India,3-5 Years
37,Data Engineer,Data Engineer - AWS PySpark,Cognizant,[],Full time,"Gurgaon / Gurugram, India",Fresher
38,Data Engineer,Senior Data Engineer,Novo Nordisk,"['IT', 'Statistics', 'Computer Science', 'Mathematics']",Full time,"Bengaluru / Bangalore, India",4-10 Years
39,Data Engineer,Consulting - BO: Cloud Engineering - Consultant- Data Engineer,Deloitte,"['Azure Data-bricks', 'Sql', 'Azure Data Factory']",Full time,"Pune, India",9-12 Years
40,Data Engineer,"Data Engineer II, Amazon Foundational People Data Services (Level 5), Payroll Data Providers",Amazon Music,"['Athena', 'Core Java', 'Sql', 'AWS', 'S3', 'Batch']",Full time,India,3-5 Years
41,Data Engineer,Sr. Data Engineer,Amazon Music,"['HTML', 'Sql', 'Java', 'Dynamo Db', 'Devops']",Full time,India,3-6 Years
42,Data Engineer,Data Engineer,A.P. Moller - Maersk,"['API automation framework', 'Akamai Cloud Test']",Full time,"Bengaluru / Bangalore, India",7-9 Years
43,Data Engineer,Deputy Manager_Assistant Lead_GCP Data Engineer_Pune,Vodafone Intelligent Solutions,"['GCP DataProc', 'Pyspark', 'BigQuery', 'Sql', 'Etl']",Full time,"Pune, India",5-9 Years
44,Data Engineer,Data Engineer,Novo Nordisk,"['SOAR', 'source code version control systems']",Full time,"Bengaluru / Bangalore, India",6-8 Years
45,Data Engineer,Sr Azure Data Engineer,Company name confidential,"['Data Processing', 'databrick', 'Data Structures']","Jobs for Women, Full time",Pune,5-7 Years
46,Data Engineer,H1B Visa Sponsorship for IT Professionals for Snowflake Data Engineer,Intalent LLC,"['Snow Flake', 'Data Analyst', 'could data warehousing. Datawarehouse']","International, Full time","Hyderabad / Secunderabad, Telangana, United States of America (USA)",6-12 Years
47,Data Engineer,Azure Data Engineer,Tredence Analytics Solutions Private Limited,['Data Engineer'],Full time,"Bengaluru / Bangalore, Gurgaon / Gurugram",5-9 Years
48,Data Engineer,Data Engineer,Company name confidential,"['Scala', 'Spark']","Work From Home, Full time",Bengaluru / Bangalore,0-4 Years
49,Data Engineer,Azure Data Engineer,Aequor Information Technologies Priivate Limited,['Azure data Engineer'],Full time,Chennai,5-10 Years
50,Data Engineer,React Native Onsite Job For IT GCP DATA Engineer USA H1B Visa,Vaakruthi Software Solutions,['React Native'],Full time,"Bengaluru / Bangalore, Hyderabad / Secunderabad, Telangana",3-13 Years
51,Data Engineer,Sr. Azure Data Engineer.,Happy Square Outsourcing Services Private Limited,"['URL', 'Azure Cloud', 'Azure', 'AWS', 'DataBricks']",Full time,Mumbai,5-11 Years
52,Data Engineer,DATA engineer with AZURE,ERM Placement Services Private Limited,['Pyspark'],"Jobs for Women, Full time","Bengaluru / Bangalore, Noida",4-8 Years
53,Data Engineer,H1B Visa Sponsorship for IT Professionals for Azure/AWS Data Engineer,Intalent LLC,"['Data Optimization', 'Data Analysis', 'Deployment']","International, Full time","Hyderabad / Secunderabad, Telangana, United States of America (USA)",6-12 Years
54,Data Engineer,AWS Data engineer,Kaizen SRA Technologies Private Limited,"['airflow', 'python', 'Pyspark', 'aws', 'oozie']","Jobs for Women, Full time",Bengaluru / Bangalore,4-8 Years
55,Data Engineer,Sr. Data Engineer,foundit,"['Azure', 'Data Engineer']",Full time,Bengaluru / Bangalore,3-5 Years
56,Data Engineer,Data Engineer,Career Foresight Hr Solutions Llp,['Data Engineer'],Full time,Cochin / Kochi / Ernakulam,6-10 Years
57,Data Engineer,Data Engineer,Yellow Umbrella Group,"['Azure Data Engineer', 'ADL', 'Data Engineer']",Full time,"Delhi, Pune",4-9 Years
58,Data Engineer,Azure Data Engineer,Elite,['Azure Data Engineer'],Full time,Coimbatore,5-10 Years
59,Data Engineer,Data Engineer,Recwire Consultants Private Limited,"['Apache Spark/Scala', 'Airflow', 'AWS', 'Big Data']",Full time,Cochin / Kochi / Ernakulam,3-8 Years
60,Data Engineer,"Data Engineer II (SQL, Snowflake, AWS, ETL)",Ziff Davis,"['Athena', 'Airflow', 'Matillion', 'Python', 'Sql']",Full time,"Pune, India",4-6 Years
61,Data Engineer,senior data engineer.,Randstad,"['Procedures', 'Relational Databases', 'standardizing']",Full time,"Hyderabad / Secunderabad, Telangana",0-2 Years
62,Data Engineer,Data Engineer,NTT Data,"['snowflake', 'Healthcare', 'Matillion', 'Sql']",Full time,"Pune, India",3-5 Years
63,Data Engineer,Lead Consultant-DBT Data Engineer,Genpact,"['Python', 'Sql', 'graph databases', 'AWS', 'Etl']",Full time,Bengaluru / Bangalore,0-2 Years
64,Data Engineer,Data engineer,Ericsson,"['Analytics', 'Process Query Language', 'Celonis']",Full time,"Bengaluru / Bangalore, India",3-5 Years
65,Data Engineer,"Data Engineer, IN Data Engineering & Analytics",Amazon Music,"['Warehousing', 'ETL pipelines', 'Sql', 'SSIS', 'AWS Infrastructure']",Full time,India,1-3 Years
66,Data Engineer,Principal Consultant-Lead Data Engineer,Genpact,"['Python', 'Sql', 'graph databases', 'AWS', 'Etl']",Full time,Bengaluru / Bangalore,5-10 Years
67,Data Engineer,Consulting-BO-Cloud Engineering-Senior Consultant-GCP Data Engineer,Deloitte,[],Full time,"Bengaluru / Bangalore, India",Fresher
68,Data Engineer,"Principal Consultant, Data Engineer",Genpact,"['snowflake', 'Java', 'Sql', 'Etl', 'Autosys', 'Cloud']",Full time,Bengaluru / Bangalore,0-2 Years
69,Data Engineer,Senior Data Engineer,A.P. Moller - Maersk,"['log data', 'scikit-learn', 'Delta', 'JSONs', 'D3js']",Full time,"Bengaluru / Bangalore, India",4-8 Years
70,Data Engineer,Data Engineer II,Zendesk,"['Backend integrations', 'Java', 'Database Design']",Full time,"Bengaluru / Bangalore, India",0-4 Years
71,Data Engineer,Lead Data Engineer - Big Data,Orange,"['Air Flow', 'Jupyter Notebook', 'NiFi', 'Grafanna']",Full time,India,8-10 Years
72,Data Engineer,Sr. Data Engineer,Elanco,"['Modeling', 'ai/ml/deep-learning', 'Commercial']",Full time,"Bengaluru / Bangalore, India",2-4 Years
73,Data Engineer,Data Engineer,Company name confidential,"['Hadoop', 'Scala']","Work From Home, Full time",Bengaluru / Bangalore,0-4 Years
74,Data Engineer,"Principal Consultant, Data Engineer",Genpact,"['snowflake', 'Java', 'Sql', 'Etl', 'Autosys', 'Cloud']",Full time,Bengaluru / Bangalore,0-2 Years
75,Data Engineer,Data Engineer 4,Comcast,"['data-engineering', 'data-warehouses', 'data-lakes']",Full time,"Chennai, India",7-10 Years
76,Data Engineer,Data Engineer intern,WorldLine,"['Word', 'Powerpoint', 'Power Bi', 'Tableau', 'Excel']","International, Full time","Belgium, India",Fresher
77,Data Engineer,Sr. Data Engineer,Crowdstrike,"['cloud platforms', 'Adobe Experience Cloud']",Full time,"Pune, India",5-7 Years
78,Data Engineer,Sr. Data Engineer - Finance Data Analytics,Crowdstrike,"['Airflow', 'snowflake', 'Data Modelling', 'SFDC']",Full time,"Bengaluru / Bangalore, India",0-2 Years
79,Data Engineer,Data Engineer II,Amazon Music,"['Warehousing', 'Computing', 'etl pipelines', 'Data Storage']",Full time,India,3-5 Years
80,Data Engineer,Data Engineer,A.P. Moller - Maersk,"['Analysis Service', 'Data Analysis', 'Data Bricks']",Full time,"Bengaluru / Bangalore, India",0-4 Years
81,Data Engineer,Senior Data Engineer,Swiss Re,"['Python', 'Sql', 'Scrum', 'Agile', 'Java', 'Spark SQL']",Full time,"Hyderabad / Secunderabad, Telangana, India",7-9 Years
82,Data Engineer,Senior Data Engineer,A.P. Moller - Maersk,"['scikit-learn', 'Delta', 'log data', 'JSONs', 'Apache Spark']",Full time,"Bengaluru / Bangalore, India",4-8 Years
83,Data Engineer,Data Engineer,Ecolab,"['Analytics', 'Scalability', 'Performance', 'Data Warehousing']",Full time,"Bengaluru / Bangalore, India",3-5 Years
84,Data Engineer,GCP Data Engineer,Tata Group,"['big query', 'cloudstorage', 'ci/cd', 'spanner']",Full time,"Chennai, India",0-2 Years
85,Data Engineer,"Sr Data Engineer, Ops Finance Transportation",Amazon Music,"['Sql', 'Nodejs', 'Hive', 'Emr', 'CDK', 'Java', 'Python']",Full time,India,5-7 Years
86,Data Engineer,Senior Data Engineer,Uplers,"['Problem Solving Attitude', 'Big Data Technology']",Full time,"Patna, India",6-8 Years
87,Data Engineer,Data Engineer- WFH,Uplers,"['Problem Solving Attitude', 'Big Data Technology']",Full time,"Guwahati, India",6-8 Years
88,Data Engineer,Data Engineer- WFH,Uplers,"['Problem Solving Attitude', 'Big Data Technology']",Full time,"Visakhapatnam, India",6-8 Years
89,Data Engineer,Senior Data Engineer,Uplers,"['Problem Solving Attitude', 'Big Data Technology']",Full time,"Surat, India",6-8 Years
90,Data Engineer,Senior Data Engineer,Uplers,"['Problem Solving Attitude', 'Big Data Technology']",Full time,"Aurangabad, India",6-8 Years
91,Data Engineer,Senior Data Engineer,Uplers,"['Problem Solving Attitude', 'Big Data Technology']",Full time,"Jamshedpur, India",6-8 Years
92,Data Engineer,Senior Data Engineer,Uplers,"['Problem Solving Attitude', 'Big Data Technology']",Full time,"Amritsar, India",6-8 Years
93,Data Engineer,Data Engineer- WFH,Uplers,"['Problem Solving Attitude', 'Big Data Technology']",Full time,"Hyderabad / Secunderabad, Telangana, India",6-8 Years
94,Data Engineer,Data Engineer- WFH,Uplers,"['Problem Solving Attitude', 'Big Data Technology']",Full time,"Noida, India",6-8 Years
95,Data Engineer,Senior Data Engineer,Uplers,"['Problem Solving Attitude', 'Big Data Technology']",Full time,"Thane, India",6-8 Years
96,Data Engineer,Senior Data Engineer,Uplers,"['Problem Solving Attitude', 'Big Data Technology']",Full time,"Dehradun, India",6-8 Years
97,Data Engineer,Data Engineer- WFH,Uplers,"['Problem Solving Attitude', 'Big Data Technology']",Full time,"Kolkata, India",6-8 Years
98,Data Engineer,Data Engineer- WFH,Uplers,"['Problem Solving Attitude', 'Big Data Technology']",Full time,"Vellore, India",6-8 Years
99,Data Engineer,Senior Data Engineer,Apexon,"['snowflake', 'Data Engineer', 'Python', 'Java']",Full time,"Bengaluru / Bangalore, Hyderabad / Secunderabad, Telangana",4-8 Years
100,Data Engineer,GCP Data Engineer,Gvms Infotech Private Limited,"['Google Cloud SDK', 'API scripting', 'Gcp', 'Google Cloud Platform']",Full time,"Hyderabad / Secunderabad, Telangana",3-7 Years
101,Data Analyst,Data Analyst,CGI Information Systems and Management Consultants Private Limited,"['Data Analyst', 'SQL Server', 'SSIS', 'Ssrs', 'Power Bi']",Full time,Bengaluru / Bangalore,5-8 Years
102,Data Analyst,Data Analyst/ETL implementation,Quess IT Staffing (Formerly known as Magna Infotech),['ETL implementation Informatica'],Full time,Chennai,8-13 Years
103,Data Analyst,Senior Data Analyst (Operations),Emerson,"['English', 'Oracle Analytical Cloud', 'business process reengineering']",Full time,"Chandigarh, India",2-5 Years
104,Data Analyst,Data Analyst,HNM Solutions,"['Data Analyst', 'power pi', 'Sql Query']",Full time,Chennai,7-7 Years
105,Data Analyst,DATA ANALYST INTERNSHIP AT PUNE,Maxgen Technologies Private Limited,"['Internship', 'Live Projects', 'Academic Projects']",Full time,"Pune, Nanded",Fresher
106,Data Analyst,Data Analyst | Business Analyst | Fresher IT Job - Fresher Can Apply Salary 45K,Structured Learning Assistance Consultants India Private Limited,"['Data Analyst', 'Reporting Analyst', 'Mis Executive']",Full time,"Delhi, Noida",0-5 Years
107,Data Analyst,Application Support Analyst â Data Support,S&P Global,"['unicast', 'Oracle Database', 'Networking Protocols']",Full time,"Chennai, India",2-4 Years
108,Data Analyst,Data Analyst,Quess IT Staffing (Formerly known as Magna Infotech),"['Teradata', 'ETL Developer', 'Data Warehousing']",Full time,Pune,6-13 Years
109,Data Analyst,Sr. Data Analyst,Crowdstrike,"['snowflake', 'Machine Learning', 'Tableau', 'Sql']",Full time,"Pune, India",8-10 Years
110,Data Analyst,Senior Analyst - Aircraft Data Management,United Breweries,"['aviation CFR regulations', 'asset/fleet management strategies']",Full time,"Gurugram, Gurgaon / Gurugram",3-5 Years
111,Data Analyst,Data Analyst,Quess IT Staffing (Formerly known as Magna Infotech),"['Data Analyst', 'RDBMS', 'Hadoop', 'Data Warehouse']",Full time,Bengaluru / Bangalore,8-15 Years
112,Data Analyst,Data Analyst Required,Roundworld Immigration Private Limited,"['Data Analyst', 'Reporting Analyst', 'MIS Analyst']","International, Full time",Canada,2-7 Years
113,Data Analyst,Business System Analyst-Big Data,Metlife,"['Data Science', 'Data Quality', 'Hive', 'Data Modeling']",Full time,"Hyderabad / Secunderabad, Telangana, India",5-7 Years
114,Data Analyst,Master Data Steward/ Analyst,Akzonbel,"['corporate structures', 'Compliances', 'legal entities']",Full time,"Pune, India",3-5 Years
115,Data Analyst,Senior Data Analyst,Sanofi,"['smartsheet', 'snowflake', 'Alteryx', 'Power Bi']",Full time,"Hyderabad / Secunderabad, Telangana, India",4-6 Years
116,Data Analyst,Data Analyst,Ericsson,"['Business Objects', 'Vba', 'Tableau', 'Python']",Full time,"Noida, India",1-10 Years
117,Data Analyst,Senior Data Analyst,Emerson,"['English', 'Oracle Analytical Cloud', 'business process reengineering']",Full time,"Pune, India",2-5 Years
118,Data Analyst,Sr. Data Analyst,Crowdstrike,"['snowflake', 'Machine Learning', 'Tableau', 'Sql']",Full time,"Pune, India",8-10 Years
119,Data Analyst,Data Analyst,Muthoot Finance,"['Policies', 'Ppt', 'Risk', 'Product', 'Analysis', 'Mis']",Full time,"Mumbai, India",Fresher
120,Data Analyst,Data Analyst,Barclays,"['Communication Skills', 'Acquiring', 'Problem Solving']",Full time,Delhi,5-7 Years
121,Data Analyst,Senior Data Analyst (Operations),Emerson,"['English', 'Oracle Analytical Cloud', 'business process reengineering']",Full time,"Pune, India",2-5 Years
122,Data Analyst,"Data Analyst, IN MFN",Amazon Music,"['Sql', 'Excel', 'Spss', 'SAS']",Full time,India,1-3 Years
123,Data Analyst,Financial Data Analyst - Global Revenue Operations,Visa,"['PowerQuery', 'R', 'Power Apps', 'Microsoft Power Automate']",Full time,"Bengaluru / Bangalore, India",2-3 Years
124,Data Analyst,Risk Data Analyst,Muthoot Finance,"['Policies', 'PPT Presentation', 'Product', 'Analysis Note Preparation']",Full time,"Mumbai, India",0-2 Years
125,Data Analyst,Senior Data Analyst (Operations),Emerson,"['English', 'Oracle Analytical Cloud', 'business process reengineering']",Full time,"Chandigarh, India",2-5 Years
126,Data Analyst,Data Analyst-2,Games24x7,"['R', 'probability', 'segmentation techniques']",Full time,"Bengaluru / Bangalore, India",3-5 Years
127,Data Analyst,Senior Data Analyst,Emerson,"['English', 'Oracle Analytical Cloud', 'business process reengineering']",Full time,"Chandigarh, India",2-5 Years
128,Data Analyst,"Data Analyst, Model Risk Management",ICE,"['R', 'Statistics', 'Tableau', 'Data Visualization']",Full time,"Hyderabad / Secunderabad, Telangana, India",0-2 Years
129,Data Analyst,DATA ANALYST,Muthoot Finance,"['Data Analysis', 'Statistical Tools', 'Data Modelling']",Full time,"Bengaluru / Bangalore, India",3-5 Years
130,Data Analyst,VALUATION PREPARATION AND DATA ANALYST,CBRE,"['numerical', 'Word', 'ARGUS Enterprise', 'MS Teams']",Full time,"Hyderabad / Secunderabad, Telangana, India",0-2 Years
131,Data Analyst,Data Analyst,Actionedge Research Services LLP,"['Data Analyst', 'Mis Executive', 'MIS analyst', 'Mis Manager']",Full time,Ahmedabad,1-3 Years
132,Data Analyst,Data Analyst,A.P. Moller - Maersk,"['data models', 'database design development']",Full time,"Mumbai, India",3-6 Years
133,Data Analyst,Data Analyst,Amazon Music,"['Sql', 'data mining', 'Excel', 'Spss', 'SAS']",Full time,India,1-3 Years
134,Data Analyst,Data Analyst,Homelane,"['Channel Partner onboarding', 'Lead Augmentation']",Full time,"Bengaluru / Bangalore, India",0-2 Years
135,Data Analyst,Data Analyst | Business Analyst | Fresher IT Job - Fresher Can Apply,Structured Learning Assistance Consultants India Private Limited,"['Data Analyst', 'Reporting Analyst', 'Mis Executive']",Full time,"Delhi, Noida",0-5 Years
136,Data Analyst,Assistant Manager : Data Analyst,Genpact,[],Full time,"Gurugram, Gurgaon / Gurugram",Fresher
137,Data Analyst,Data Analyst Internship In Pune,Maxgen Technologies Private Limited,"['Internship', 'Live Projects', 'Academic Projects']",Full time,"Pune, Sangli",Fresher
138,Data Analyst,DATA ANALYST INTERNSHIP AT PUNE,Maxgen Technologies Private Limited,"['Internship', 'Live Projects', 'Academic Projects']",Full time,"Pune, Nashik",Fresher
139,Data Analyst,Data Analyst,PayPal,"['Payments', 'fast-paced environment', 'data infrastructure']",Full time,"Chennai, India",3-5 Years
140,Data Analyst,Data Analyst,Happy Square Outsourcing Services Private Limited,"['apache superset', 'Python', 'Sql', 'Aws Redshift']",Full time,Noida,5-11 Years
141,Data Analyst,Data Analyst,Oceaneering,"['IL certification', 'Asset Management', 'Data Analytics']",Full time,"Chandigarh, India",1-3 Years
142,Data Analyst,Data Analyst_Immediate (Permanent),Qentelli Solutions Private Limited,"['Data Analysis', 'Tableau Dashboards', 'Python Scripting']",Full time,"Hyderabad / Secunderabad, Telangana",3-6 Years
143,Data Analyst,Data Analyst,Grasshopper,"['Data Analyst', 'Report', 'Data Administrator']","International, Full time","Australia, Canada",4-12 Years
144,Data Analyst,Financial Data Analyst,Moodys Analytics,"['corporate finance', 'accounting', 'financial statement analysis']",Full time,"Bengaluru / Bangalore, India",0-2 Years
145,Data Analyst,Data Analyst,Cognizant,"['PSUR', 'clinical team', 'Qc', 'safety database']",Full time,"Mumbai, India",2-4 Years
146,Data Analyst,DATA ANALYST INTERNSHIP AT PUNE,Maxgen Technologies Private Limited,"['Data Analyst', 'Data Analysis', 'Internship', 'Live Projects']",Full time,"Pune, Kolhapur",Fresher
147,Data Analyst,Data Analyst,Cognizant,"['Data Entry', 'medical review', 'safety database']",Full time,"Mumbai, India",0-2 Years
148,Data Analyst,DATA ANALYST INTERNSHIP AT PUNE,Maxgen Technologies Private Limited,"['Internship', 'Live Projects', 'Academic Projects']",Full time,"Pune, Amravati",Fresher
149,Data Analyst,Data Analyst,Infinix Immigration Service Private Limited,"['Data Analyst', 'Reporting Analyst', 'Mis Executive']","International, Full time","Germany, Hong Kong",1-4 Years
150,Data Analyst,Data Analyst 2 (DAT00971),Acko,"['R', 'Problem Solving', 'personal accountability']",Full time,"Bengaluru / Bangalore, India",3-5 Years
151,Data Analyst,Data Analyst - Internal Audit,Maruti Suzuki,"['CISA Certification', 'Data Analysis', 'Sql', 'Power Bi']",Full time,"Gurugram, Gurgaon / Gurugram",2-5 Years
152,Data Analyst,Sr Associate Data Analyst - Workday Success Plans,Workday,"['Slides', 'Spreadsheets', 'ETL processes', 'Drive']",Full time,"Pune, India",2-4 Years
153,Data Analyst,Senior Data Analyst,Freshworks,"['SaaS metrics', 'Sql', 'Power Bi', 'Data Warehousing']",Full time,"Chennai, India",5-7 Years
154,Data Analyst,DATA ANALYST INTERNSHIP IN PUNE,Maxgen Technologies Private Limited,"['Internship', 'Live Projects', 'Academic Projects']",Full time,"Pune, Dhule / Dhulia",Fresher
155,Data Analyst,Data Analyst - Max - 30 LPA,Rapsys Tech Solutions Private Limited,"['Data Analyst', 'Data Flow', 'Airflow', 'ibm infosphere']",Full time,Bengaluru / Bangalore,7-17 Years
156,Data Analyst,DATA ANALYST INTERNSHIP AT PUNE,Maxgen Technologies Private Limited,"['Internship', 'Live Projects', 'Academic Projects']",Full time,"Pune, Solapur",Fresher
157,Data Analyst,DATA ANALYST INTERNSHIP AN PUNE,Maxgen Technologies Private Limited,"['Internship', 'Live Projects', 'Academic Projects']",Full time,"Pune, Nanded",Fresher
158,Data Analyst,Deputy General Manager_Architect-OPC_Senior RM Data Analyst Lead_Pune,Vodafone,"['PowerQuery', 'Power Apps', 'Power Bi', 'Power Automate']",Full time,Pune,18-20 Years
159,Data Analyst,Deputy General Manager_Architect-OPC_Senior RM Data Analyst Lead_Pune,Vodafone Intelligent Solutions,"['PowerQuery', 'Power Apps', 'Python', 'Power Bi']",Full time,"Pune, India",18-20 Years
160,Data Analyst,Sr. Data Analyst,Vertiv,"['tasks', 'business understanding', 'automation techniques']",Full time,"Pune, India",3-5 Years
161,Data Analyst,Data Analyst Internship an Pune,Maxgen Technologies Private Limited,"['Internship', 'Live Projects', 'Academic Projects']",Full time,"Pune, Jalgaon",Fresher
162,Data Analyst,Data Analyst/Data Management Engineer,Quess IT Staffing (Formerly known as Magna Infotech),"['Data Analyst', 'Sql', 'Python', 'Scripting']",Full time,"Chennai, Pune",8-11 Years
163,Data Analyst,Data Analyst,Apex Covantage India Private Limited,"['Data Conversion', 'Data Entry Operator', 'Data Analyst']",Full time,"Hyderabad / Secunderabad, Telangana",0-1 Years
164,Data Analyst,DATA ANALYST INTERNSHIP AT PUNE,Maxgen Technologies Private Limited,"['Internship', 'Live Projects', 'B - Tech', 'Bca', 'Academic Projects']",Full time,"Pune, Nanded",Fresher
165,Data Analyst,Data Analyst Internship an Pune,Maxgen Technologies Private Limited,"['Internship', 'Live Projects', 'Academic Projects']",Full time,"Pune, Sangli",Fresher
166,Data Analyst,Data Analyst,Quess IT Staffing (Formerly known as Magna Infotech),"['Data Analyst', 'R', 'Python', 'Sql']",Full time,Gurgaon / Gurugram,5-8 Years
167,Data Analyst,Data Analyst Internship an Pune,Maxgen Technologies Private Limited,"['Internship', 'Live Projects', 'Academic Projects']",Full time,"Pune, Sangli",Fresher
168,Data Analyst,Data Analyst | Business Analyst | Fresher IT Job - Fresher Can Apply,Structured Learning Assistance Consultants India Private Limited,"['Data Analyst', 'Reporting Analyst', 'Mis Executive']",Full time,"Delhi, Noida",0-5 Years
169,Data Analyst,DATA ANALYST INTERNSHIP AT PUNE,Maxgen Technologies Private Limited,"['Internship', 'Live Projects', 'Academic Projects']",Full time,"Pune, Jalgaon",Fresher
170,Data Analyst,DATA ANALYST INTERNSHIP AT PUNE,Maxgen Technologies Private Limited,"['Internship', 'Live Projects', 'Academic Projects']",Full time,"Pune, Amravati",Fresher
171,Data Analyst,BUSINESS ANALYST INTERNSHIP AT PUNE,Maxgen Technologies Private Limited,"['Internship', 'Live Projects', 'Academic Projects']",Full time,"Pune, Sangli",Fresher
172,Data Analyst,Data Analyst Internship At Pune,Maxgen Technologies Private Limited,"['Internship', 'Live Projects', 'Academic Projects']",Full time,"Pune, Amravati",Fresher
173,Data Analyst,DATA ANALYST INTERNSHIP AT PUNE,Maxgen Technologies Private Limited,"['Internship', 'Live Projects', 'Academic Projects']",Full time,"Pune, Jalgaon",Fresher
174,Data Analyst,DATA ANALYST INTERNSHIP AT PUNE,Maxgen Technologies Private Limited,"['Internship', 'Live Projects', 'Academic Projects']",Full time,"Pune, Jalgaon",Fresher
175,Data Analyst,Data Analyst,Happy Square Outsourcing Services Private Limited,"['Sql', 'Xml', 'Javascript', 'Excel']",Full time,Mumbai,1-4 Years
176,Data Analyst,BI Data Analyst,Reva Hr Solutions,"['ETL Developer', 'Etl', 'Powerbi', 'Dataware House']","Work From Home, Full time",Pune,5-7 Years
177,Data Analyst,Senior Data Analyst Required in Abroad,Donivia Overseas Private Limited,"['Data Analysis', 'Data Management', 'Data Mining']",Full time,"Delhi, Gurgaon / Gurugram",2-12 Years
178,Data Analyst,Need Ataccama OR Alation Data Analyst,Anlage Infotech India Private Limited,"['Ataccama', 'Alation']",Full time,"Bengaluru / Bangalore, Hyderabad / Secunderabad, Telangana",3-13 Years
179,Data Analyst,Technical Data Analyst,HighPoints Technologies India Private Limited,"['Product Development', 'Sql', 'Api', 'Java', 'Javascript']",Full time,Bengaluru / Bangalore,1-3 Years
180,Data Analyst,Data Analyst,24-7intouch,"['Data Analysis', 'G-Suite', 'Business Operations']",Full time,"Hyderabad / Secunderabad, Telangana, India",3-5 Years
181,Data Analyst,Data Analyst | Pune,WovV Technologies (Division of Techno compass consulting Pvt Ltd),"['Python', 'Sql', 'Tableau', 'Power Bi', 'Web Applications']",Full time,Pune,2-7 Years
182,Data Analyst,Data Analyst WFM,Acknowledger First Private Limited,['Any graduate'],Full time,Bengaluru / Bangalore,Fresher
183,Data Analyst,Data Analyst - Prefer to work on AI,Resources Valley,"['Data analsyt', 'Machine Learning', 'Sql']",Full time,Jaipur,2-5 Years
184,Data Analyst,Data Analyst required in Canada,Company name confidential,"['Data Analyst', 'MIS Analyst', 'Reporting Analyst']","International, Full time",Canada,3-10 Years
185,Data Analyst,Data Analyst-Turbo Cross Sell,IDFC FIRST Bank,"['KPIs', 'Business Metrics', 'TAT', 'Efficiency', 'System Enhancements']",Full time,"Thane, India",5-7 Years
186,Data Analyst,Data Analyst I,Bristol Myers Squibb,"['Emerging Technologies', 'decision science', 'data pipelines']",Full time,"Hyderabad / Secunderabad, Telangana, India",1-3 Years
187,Data Analyst,Senior Data Analyst,Innovaccer,"['snowflake', 'Scikit-Learn', 'Numpy', 'Scipy', 'Javascript']",Full time,"Noida, India",4-6 Years
188,Data Analyst,Business Data Analyst (Noida),Uplers,"['Project management', 'Data Analysis', 'Statistics']",Full time,"Noida, India",5-7 Years
189,Data Analyst,Business Data Analyst (Ghaziabad),Uplers,"['Project management', 'Data Analysis', 'Statistics']",Full time,"Ghaziabad, India",5-7 Years
190,Data Analyst,Data Analyst,S&P Global,"['MS-office', 'Lean', 'R', 'outreach', 'Relationship Building']",Full time,"Ahmedabad, India",0-2 Years
191,Data Analyst,Business Data Analyst (Mumbai),Uplers,[],Full time,"Mumbai, India",Fresher
192,Data Analyst,Data Analyst,Ericsson,"['Business Objects', 'Vba', 'Tableau', 'Python']",Full time,"Noida, India",1-10 Years
193,Data Analyst,Lead Data Analyst,Clarivate,"['snowflake', 'Analytical Skills', 'Jupyter Notebook']",Full time,"Bengaluru / Bangalore, India",5-7 Years
194,Data Analyst,Functional & Data Analyst,Deutsche Bank,"['Microsoft Applications', 'Safe', 'Problem-solving']",Full time,"Pune, India",6-8 Years
195,Data Analyst,Data Analyst,ICE,"['Salesforce', 'Problem Solving', 'Financial Markets Data']",Full time,"Hyderabad / Secunderabad, Telangana, India",3-5 Years
196,Data Analyst,Senior Data Analyst,Sprinklr,"['R', 'Revenue Analytics', 'SDR Analytics', 'Marketing Analytics']",Full time,"Bengaluru / Bangalore, India",4-7 Years
197,Data Analyst,Data Analyst,S&P Global,"['corporate finance', 'MS-office', 'Word', 'analytical']",Full time,"Gurgaon / Gurugram, India",0-2 Years
198,Data Analyst,Data Analyst,Amazon Music,"['R', 'Sql', 'Microsoft Excel', 'Python']",Full time,India,1-3 Years
199,Data Analyst,Data Analyst II,Bristol Myers Squibb,"['R', 'Ms Excel', 'Power Bi', 'Tableau', 'Qlikview']",Full time,"Hyderabad / Secunderabad, Telangana, India",3-5 Years
200,Data Analyst,Data Analyst,ICE,"['Distilling Information', 'Problem Solving', 'Communication']",Full time,"Hyderabad / Secunderabad, Telangana, India",3-5 Years
201,Data Architect,Hiring for Sr. Data Architect,Synechron Technologies Private Limited,"['Aws Cloud', 'Machine Learning', 'Data Governance']",Full time,Pune,12-20 Years
202,Data Architect,Architect - Data Platform,PhonePe,"['Parallel Processing', 'hadoop', 'Java', 'python']",Full time,"Bengaluru / Bangalore, India",8-10 Years
203,Data Architect,Commercial / Pricing Architect- Data Center/ Cloud/ IT Consulting Background- Mumbai Candidates Only,NTT Ltd.,"['Commercial', 'Team Skills', 'analytical', 'Documentation']",Full time,"Mumbai, India",Fresher
204,Data Architect,Lead Data Engineer / Data Architect,Coforge,"['Data Lineage', 'Data Catalog', 'Data Dictionary Management']",Full time,"Bengaluru / Bangalore, India",0-2 Years
205,Data Architect,Partner Solutions Architect - Big Data,Databricks,"['scikit-learn', 'HPO', 'Java', 'Pandas', 'Hadoop']",Full time,"Bengaluru / Bangalore, India",10-12 Years
206,Data Architect,Looking for Big data Technical Architect,Mindpower HR Solutions,"['Architect', 'HDFS', 'Big Data', 'Python', 'Scala']",Full time,Pune,7-12 Years
207,Data Architect,Senior Manager Principal Data Product Architect,Bristol Myers Squibb,"['data marts', 'GraphDB', 'data integration processes']",Full time,"Hyderabad / Secunderabad, Telangana, India",6-8 Years
208,Data Architect,Architect - Test Data Engineering,AT&T Cybersecurity,"['Data Analysis', 'Test Data Management', 'Sql']",Full time,"Hyderabad / Secunderabad, Telangana, India",8-12 Years
209,Data Architect,AWS Data Architect,Blazeclan Technologies,"['Private', 'Technical', 'client service delivery']",Full time,"Mumbai, India",7-9 Years
210,Data Architect,Senior Data Architect,Intel,"['Teradata', 'Snowflakes', 'ETL frameworks', 'Product Master data']",Full time,"Bengaluru / Bangalore, India",2-4 Years
211,Data Architect,Data Solution Architect,Supernal Infotech Private Limited,"['Sagemaker', 'Amazon Q', 'AWS Glue', 'Redshift']","Contract Job, International, Part time","Bengaluru / Bangalore, Malaysia",6-8 Years
212,Data Architect,Automation Architect - Data Science,Ericsson,"['AI/ML', 'architecture', 'Java', 'Jenkins', 'Data Science']",Full time,"Noida, India",8-15 Years
213,Data Architect,Data Architect,Talent 21 Management and Shared Services Private Limited,"['Data Architect', 'Data Governance', 'Data Modelling']",Full time,Pune,8-12 Years
214,Data Architect,Azure Data Architect,Company name confidential,"['ETL Developer', 'Data Architect', 'Azure', 'Bigdata']",Full time,Bengaluru / Bangalore,11-16 Years
215,Data Architect,Big Data Developer Architect and Tester-Hadoop Azure Databricks.,Mindlinks Informatics Private Limited,"['Teradata', 'Databricks.', 'Hadoop', 'Big Data']",Full time,"Hyderabad / Secunderabad, Telangana",Fresher
216,Data Architect,Data architect,Company name confidential,['Working experience in Data migration and conversions. Working Experience on SQL server and SQL server Scripts'],"Contract Job, Part time",Other India,7-10 Years
217,Data Architect,Azure Data Architect,Tata Group,"['Security', 'applicationsretirement', 'delivery of solutions']",Full time,"Ahmedabad, India",4-7 Years
218,Data Architect,Data Architect,Deutsche Bank,"['Architecture', 'Safe', 'Document Store systems']",Full time,"Pune, India",0-2 Years
219,Data Architect,Data Architect,Concentrix,"['privacy regulations', 'CCPA', 'Hudi', 'designing & architecture']",Full time,"Bengaluru / Bangalore, India",7-15 Years
220,Data Architect,Data Architect,LTIMindtree Limited,['Proven experience in forming Data warehouse / Data Lake for business analytics. Technologies like; HDFS'],Full time,"Bengaluru / Bangalore, Pune",5-9 Years
221,Data Architect,Full Time position with Data Architect in Hyderabad Location,Hucon Innovations Private Limited,"['Data Architect', 'AWS', 'Data Warehouse', 'Sql']",Full time,"Hyderabad / Secunderabad, Telangana",8-18 Years
222,Data Architect,Data Architect,GSPANN Technologies,"['Data Architects', 'Data Architect', 'Data Architecture']",Full time,"Gurgaon / Gurugram, Hyderabad / Secunderabad, Telangana",8-18 Years
223,Data Architect,Data Solution Architect,Supernal Infotech Private Limited,"['Sagemaker', 'Amazon Q', 'AWS Glue', 'Redshift']","Contract Job, International, Part time","Bengaluru / Bangalore, Malaysia",6-8 Years
224,Data Architect,Azure Data Architect,Tata Group,"['Data Lake-ADLS', 'Lake formation', 'Azure Synapse']",Full time,"Bengaluru / Bangalore, India",4-8 Years
225,Data Architect,"Senior Principal Consultant, Data Architect",Genpact,"['snowflake', 'data lineage', 'ETL workflows', 'Cloud']",Full time,Bengaluru / Bangalore,0-2 Years
226,Data Architect,Senior Data Architect | Pune,WovV Technologies (Division of Techno compass consulting Pvt Ltd),"['Ms Azure', 'Gcp', 'AWS', 'Data Warehouse']","Work From Home, Full time",Pune,5-8 Years
227,Data Architect,Data Engineering / Data Architect,Quess IT Staffing (Formerly known as Magna Infotech),"['Python', 'Azure', 'Sql', 'AWS', 'Databricks']",Full time,Bengaluru / Bangalore,2-5 Years
228,Data Architect,Data Architect,TATA Technologies,"['analytical', 'numerical', 'Cloud based Data Analytics']",Full time,"Pune, India",0-2 Years
229,Data Architect,Looking for Big data Technical Architect,Mindpower HR Solutions,"['Architect', 'HDFS', 'Big Data', 'Python', 'Scala']",Full time,Pune,7-12 Years
230,Data Architect,Partner Solutions Architect - Big Data,Databricks,"['scikit-learn', 'HPO', 'Java', 'Pandas', 'Hadoop']",Full time,"Bengaluru / Bangalore, India",10-12 Years
231,Data Architect,Automation Architect - Data Science,Ericsson,"['AI/ML', 'architecture', 'Java', 'Jenkins', 'Data Science']",Full time,"Noida, India",8-15 Years
232,Data Architect,Architect - Data Platform,PhonePe,"['Parallel Processing', 'hadoop', 'Java', 'python']",Full time,"Bengaluru / Bangalore, India",8-10 Years
233,Data Architect,H1B Visa Sponsorship for IT Professionals,Intalent LLC,"['Performance Management', 'Cloud Engineer']","International, Full time","Hyderabad / Secunderabad, Telangana, United States of America (USA)",6-12 Years
234,Data Architect,Commercial / Pricing Architect- Data Center/ Cloud/ IT Consulting Background- Mumbai Candidates Only,NTT Ltd.,"['Commercial', 'Team Skills', 'analytical', 'Documentation']",Full time,"Mumbai, India",Fresher
235,Data Architect,Senior Principal Consultant - Google Cloud Platform (GCP) Data Architect,Genpact,"['etl processes', 'Data Architecture', 'Data Integration']",Full time,Bengaluru / Bangalore,0-2 Years
236,Data Architect,Senior Principal Consultant - Databricks Data Architect,Genpact,"['Databricks AI/ML', 'mlFlow', 'rbac', 'AWS sagemaker']",Full time,Bengaluru / Bangalore,10-12 Years
237,Data Architect,Data Architect,Oracle,"['communication', 'data models', 'project management']",Full time,"Bengaluru / Bangalore, India",0-2 Years
238,Data Architect,Principal Consultant - Data Architect,Oracle,"['Ai', 'snowflake', 'confluent', 'Big Data', 'Ml']",Full time,"Mumbai, India",5-10 Years
239,Data Architect,Senior Manager Principal Data Product Architect,Bristol Myers Squibb,"['data marts', 'GraphDB', 'data integration processes']",Full time,"Hyderabad / Secunderabad, Telangana, India",6-8 Years
240,Data Architect,Architect - Test Data Engineering,AT&T Cybersecurity,"['Data Analysis', 'Test Data Management', 'Sql']",Full time,"Hyderabad / Secunderabad, Telangana, India",8-12 Years
241,Data Architect,Senior Principal Consultant - Databricks Platform + Data Architect,Genpact,"['Security', 'dbt', 'rbac', 'delta lake', 'oidc', 'data processing systems']",Full time,Jaipur,0-2 Years
242,Data Architect,Data Architect,Tata Group,"['DataPrep', 'Python', 'Sql', 'Excel', 'Dataproc']",Full time,"Pune, India",0-2 Years
243,Data Architect,Snowflake Data Architect,Pricube Technologies Private Limited,['Data Architect'],Full time,"Hyderabad / Secunderabad, Telangana",5-8 Years
244,Data Architect,Senior Databricks Engineer / Databricks Technical Lead/ Data Architect,Tredence Analytics Solutions Private Limited,"['Azure Stack', 'Databricks', 'AWS', 'Etl', 'Data Warehouse']",Full time,"Bengaluru / Bangalore, Chennai",3-13 Years
245,Data Architect,Senior Solution Azure Data Architect,HR Addons,"['Azure Synapse Analytics', 'Data Flows', 'Azure Data Warehouse']",Full time,Bengaluru / Bangalore,10-15 Years
246,Data Architect,Data Architect – Hybrid Work Model,Nam Info Private Limited,"['SQL Data Warehouse', 'snowflake', 'Hadoop']",Full time,Bengaluru / Bangalore,7-15 Years
247,Data Architect,GCP Data Architect - 7+ Years,WovV Technologies (Division of Techno compass consulting Pvt Ltd),"['Pub/Sub', 'container', 'Data Catalog', 'Gcp']","Work From Home, Full time","Bengaluru / Bangalore, Chennai",7-12 Years
248,Data Architect,Data Architect,Kaizen SRA Technologies Private Limited,"['Kafka', 'Python', 'Sql']",Full time,Cochin / Kochi / Ernakulam,5-10 Years
249,Data Architect,GCP Data Architect,Aequor Information Technologies Priivate Limited,"['GCP Data Architect with Bigquery', 'Data Flow']",Full time,"Chennai, Kolkata",10-20 Years
250,Data Architect,Data Architect,Macropace Technologies,['Data Architect'],Full time,"Cochin / Kochi / Ernakulam, Thiruvananthapuram / Trivandrum",7-17 Years
251,Data Architect,"Data Architect,On-Premise,Cloud,Structure,Data Marts,DW,Data Factory,Pipeline,Lake,ODS,EDW,Process Improvement,Disaster Recovery Planning,BI , 8 - 15 years",Gem Software Solutions Limited,"['On-Premise', 'Structure', 'data marts', 'Pipeline']",Full time,"Chennai, Chidambaram",8-15 Years
252,Data Architect,Data Modeler OR Data Architect,Supro Info Solutions Private Limited,"['EA Sparx', 'TM Forum Data Model', 'snowflake']",Full time,"Bengaluru / Bangalore, Pune",10-17 Years
253,Data Architect,Senior Databricks Engineer / Databricks Technical Lead/ Data Architect,Tredence Analytics Solutions Private Limited,"['Azure Stack', 'Databricks', 'AWS', 'Etl', 'Data Warehouse']",Full time,"Delhi, Pune",3-13 Years
254,Data Architect,Data Architect and Data Modeling Specialist,Executive Softway Guild India Private Limited,"['Data Architecture.', 'Data Architect', 'Data Modeler']","Work From Home, Full time","Hyderabad / Secunderabad, Telangana",8-18 Years
255,Data Architect,Data Architect - ERP Migration to Azure Cloud,Abeer Services India Network,"['Architecture', 'Data Strategy', 'Design', 'Security']",Full time,"Hyderabad / Secunderabad, Telangana",15-25 Years
256,Data Architect,Azure Data Architect - Max 50 LPA,Rapsys Tech Solutions Private Limited,"['ADLS', 'Data Architect', 'Azure Data Factory']",Full time,Remote,10-17 Years
257,Data Architect,,JS IT Tech Solutions,"['Azure Synapse Analytics', 'Data Flows', 'Azure Data Warehouse']",Full time,"Bengaluru / Bangalore, Hyderabad / Secunderabad, Telangana",10-15 Years
258,Data Architect,Cloud Data Architect,Boston Consulting Group,"['snowflake', 'Spark / Databricks', 'Security Protocols']",Full time,India,10-12 Years
259,Data Architect,Senior Principal Consultant-Data Architect,Genpact,"['Stored Procedures', 'AWS', 'SQL Server', 'Dynamo Db']",Full time,"Gurugram, Gurgaon / Gurugram",0-2 Years
260,Data Architect,Data Architect,Deutsche Bank,"['Filenet', 'security concepts', 'Oracle/MySQL']",Full time,"Pune, India",9-12 Years
261,Data Architect,Data Architect,Supro Info Solutions Private Limited,"['Data Architects', 'Dimensional Model', 'data vault']",Full time,"Bengaluru / Bangalore, Chennai",13-19 Years
262,Data Architect,Senior Principal Consultant- Product Lead/ Data Architect,Genpact,"['snowflake', 'Microstrategy', 'Databrick platform']",Full time,Bengaluru / Bangalore,0-2 Years
263,Data Architect,Urgent requirement Data Science AI ML with Big data Architect Full Time Direct Hire,Company name confidential,"['Data Science', 'Big Data', 'Cloud']","Jobs for Women, Full time",Bengaluru / Bangalore,12-16 Years
264,Data Architect,Data Science - AI/ML with Big data Architect,Anlage Infotech India Private Limited,"['Ai', 'Ml']",Full time,Bengaluru / Bangalore,12-16 Years
265,Data Architect,Senior Solution Azure Data Architect,HR Addons,"['Azure Synapse Analytics', 'Data Flows', 'Azure Data Warehouse']",Full time,Bengaluru / Bangalore,10-15 Years
266,Data Architect,Solution Azure Data Architect,JS IT Tech Solutions,"['Azure Synapse Analytics', 'Data Flows', 'Azure Data Warehouse']",Full time,"Bengaluru / Bangalore, Hyderabad / Secunderabad, Telangana",10-15 Years
267,Data Architect,Senior Principal Consultant - Data Architect,Genpact,"['Data Modernization', 'Programming and Scripting']",Full time,Pune,0-2 Years
268,Data Architect,Enterprise Data Architect,CareerPaths,"['cd', 'dynamic data masking', 'Data Warehousing']",Full time,Bengaluru / Bangalore,14-18 Years
269,Data Architect,Data Architect,Streetmark Info Solutions Private Limited,"['LOGIC APPS', 'DATA BRICKS', 'Power Bi', 'Azure']",Full time,"Bengaluru / Bangalore, Hyderabad / Secunderabad, Telangana",12-22 Years
270,Data Architect,Data Architect Engineer with Kafka,Macropace Technologies,"['Data transform', 'metadata', 'Data Engineer']",Full time,"Cochin / Kochi / Ernakulam, Thiruvananthapuram / Trivandrum",8-18 Years
271,Data Architect,Big Data Developer Architect and Tester-Hadoop Azure Databricks.,Mindlinks Informatics Private Limited,"['Teradata', 'Databricks.', 'Hadoop', 'Big Data']",Full time,"Hyderabad / Secunderabad, Telangana",Fresher
272,Data Architect,Architect - Test Data Engineering,AT&T Cybersecurity,"['Data Analysis', 'Test Data Management', 'Sql']",Full time,"Hyderabad / Secunderabad, Telangana, India",8-12 Years
273,Data Architect,Architect - Test Data Engineering,AT&T Cybersecurity,"['Data Analysis', 'Test Data Management', 'Sql']",Full time,"Bengaluru / Bangalore, India",8-12 Years
274,Data Architect,Architect - Test Data Engineering,AT&T Cybersecurity,"['Data Analysis', 'Test Data Management', 'Sql']",Full time,"Chennai, India",8-12 Years
275,Data Architect,Architect - Test Data Engineering,AT&T Cybersecurity,"['Data Analysis', 'Test Data Management', 'Sql']",Full time,"Bengaluru / Bangalore, India",8-12 Years
276,Data Architect,Architect - Test Data Engineering,AT&T Cybersecurity,"['Data Analysis', 'Test Data Management', 'Sql']",Full time,"Chennai, India",8-12 Years
277,Data Architect,Data Architect,Programmers.io,"['Data Bricks', 'Azure Synapse Analytics', 'Azure SQL Data Warehouse']",Full time,"Hyderabad / Secunderabad, Telangana, India",3-10 Years
278,Data Architect,Azure Data Architect,Triangle Global,"['Azure stack', 'Azure Streaming', 'Analytics Azure Data Factory']",Full time,"Bengaluru / Bangalore, India",5-10 Years
279,Data Architect,Azure Data Architect - Chennai,Kiash Solutions LLP,"['Microsoft Data Certification', 'Azure Data Analytics']",Full time,"Chennai, India",0-2 Years
280,Data Architect,AWS Data Architect,Changeleaders.in,"['reference architecture', 'SCT', 'analytical', 'Problem-solving']",Full time,"Bengaluru / Bangalore, India",14-20 Years
281,Data Architect,Data Architect,HCLTech,"['data trends', 'analytical', 'Problem-solving']",Full time,"Bengaluru / Bangalore, India",15-22 Years
282,Data Architect,Data Architect,Sigma Aldrich Chemicals,"['Visualization', 'Cloud Frameworks', 'Ai', 'Analytics']",Full time,"Bengaluru / Bangalore, India",5-7 Years
283,Data Architect,Data Architect,Programmers.io,"['Data Bricks', 'Azure Synapse Analytics', 'Azure SQL Data Warehouse']",Full time,"Jaipur, India",3-10 Years
284,Data Architect,Data Architect_BDO-IT,Bosch India,"['data models', 'data marts', 'real-time', 'data workflows']",Full time,India,8-10 Years
285,Data Architect,GCP Data Architect- DWH,Alp Consulting Ltd.,"['Persistent disk IAM', 'Cloud Spanner', 'deployment guidance']",Full time,"Bengaluru / Bangalore, India",12-20 Years
286,Data Architect,Data Architect,Birlasoft,"['snowflake', 'Ml', 'BPM', 'Nlp', 'Rpa', 'Kafka', 'Golden Gate']",Full time,"Hyderabad / Secunderabad, Telangana, India",3-7 Years
287,Data Architect,Master Data Architect,Twinings,"['S4', 'Master Data Management', 'RDBMS', 'MS-Sql']",Full time,"Pune, India",5-7 Years
288,Data Architect,Associate Data Architect,Thomson Reuters,"['database vendors', 'solution architectures']",Full time,"Bengaluru / Bangalore, India",11-14 Years
289,Data Architect,Stuti_Data Architect_10Years_Codersbrain,CodersBrain,"['Amazon Glue', 'Glue Data catalog', 'Glue Data Quality']",Full time,"Hyderabad / Secunderabad, Telangana, India",10-20 Years
290,Data Architect,Data Architect,Clairvoyant,"['Extract Transform Load (ETL)', 'Hive', 'Data Modeling']",Full time,"Mumbai, India",0-2 Years
291,Data Architect,Data Architect,Hitachi Energy,"['Data Integration techniques', 'legacy applications']",Full time,"Bengaluru / Bangalore, India",11-15 Years
292,Data Architect,Data Architect - Data Backbone 2024,Bosch India,"['Big Data', 'Cassandra', 'hadoop', 'Gcp', 'Data Governance']",Full time,India,10-12 Years
293,Data Architect,Salesforce Data Architect,"Omniskope, Inc","['Salesforce', 'Data Cloud', 'Data Security', 'Agile Methodologies']",Full time,"Hyderabad / Secunderabad, Telangana, India",8-10 Years
294,Data Architect,India-Bangalore: Cloud Data Architect,Wesco,"['snowflake', 'power apps', 'Teradata', 'iot technologies']",Full time,"Bengaluru / Bangalore, India",7-10 Years
295,Data Architect,Senior IT Architect - Data Architect,Medtronic,"['powerdesigner', 'cloud-based solutions', 'Enterprise-class architecture']",Full time,"Hyderabad / Secunderabad, Telangana, India",8-10 Years
296,Data Architect,Data Architect Commercial,Bekaert Industries,"['Problem-solving', 'ETL processes', 'Synapse Analytics']",Full time,"Bengaluru / Bangalore, India",10-12 Years
297,Data Architect,Data Architect,Hitachi Energy,"['Time-Series Data', 'Change Data Capture systems']",Full time,"Bengaluru / Bangalore, India",11-15 Years
298,Data Architect,Data Architect,Shyftlabs,"['Airflow', 'snowflake', 'dbt', 'Java', 'BigQuery']",Full time,"Hyderabad / Secunderabad, Telangana, India",3-8 Years
299,Data Architect,Data Architect,Hitachi Energy,"['Data Integration techniques', 'legacy applications']",Full time,"Bengaluru / Bangalore, India",11-15 Years
300,Data Architect,Data Architect,ECI,"['Azure Fabric Services', 'Azure Purview', 'Master Data Management']",Full time,"Indore, India",12-15 Years
301,Data Scientist,Data Scientist,Synechron Technologies Private Limited,"['Kanban', 'Data Scientist', 'Agile', 'Data Science']",Full time,"Chennai, Pune",10-15 Years
302,Data Scientist,Data Scientist,Synechron Technologies Private Limited,"['Kanban', 'Data Scientist', 'Agile', 'Data Science']",Full time,Gurgaon / Gurugram,10-15 Years
303,Data Scientist,Data Scientist,Synechron Technologies Private Limited,"['Kanban', 'Data Scientist', 'Agile', 'Data Science']",Full time,"Bengaluru / Bangalore, Mumbai",10-15 Years
304,Data Scientist,Remote Data Scientist,Turing,[],Full time,"Delhi, India",Fresher
305,Data Scientist,Senior Data Scientist - Marketplace (India),Gojek,"['Statistics', 'Ml', 'Data Science', 'Machine Learning']",Full time,"Bengaluru / Bangalore, India",3-5 Years
306,Data Scientist,Data Scientist,Ericsson,"['Data Science', 'Machine Learning', 'Gcp', 'Artificial Intelligence']",Full time,"Noida, India",5-15 Years
307,Data Scientist,Data Scientist Level_1,Michelin,"['analytical', 'Business', 'Ai', 'Engineering', 'Problem Solving']",Full time,"Pune, India",Fresher
308,Data Scientist,AI/ML DATA SCIENTIST,Michael Page,"['Ai', 'Six Sigma', 'Ml', 'Data Science', 'Change Management']",Full time,"Pune, India",6-8 Years
309,Data Scientist,Data Scientist,Elite,['Data Scientist'],Full time,"Bengaluru / Bangalore, Coimbatore",5-10 Years
310,Data Scientist,Data Scientist Lead,Voqeoit Technologies,"['mechine learning', 'Python Scripting', 'Sql', 'Data Scientist']",Full time,"Bengaluru / Bangalore, Hyderabad / Secunderabad, Telangana",7-17 Years
311,Data Scientist,Staff Engineer - Data Scientist,Freshworks,[],Full time,"Chennai, India",Fresher
312,Data Scientist,Remote Data Scientist,Turing,[],Full time,"Delhi, India",Fresher
313,Data Scientist,Data Scientist,Ericsson,"['Data Science', 'Machine Learning', 'Gcp', 'Artificial Intelligence']",Full time,"Noida, India",5-10 Years
314,Data Scientist,Data Scientist 1,PayPal,"['project management', 'Financial', 'data integrity']",Full time,India,0-2 Years
315,Data Scientist,Data Scientist,Company name confidential,"['Opencv', 'Computer Vision']","Work From Home, Full time","Ahmedabad, Bengaluru / Bangalore",0-4 Years
316,Data Scientist,Lead Data Scientist,Cognizant,"['Decision theory', 'Operations Research', 'Statistical Modeling']",Full time,"Chennai, India",5-12 Years
317,Data Scientist,Data Scientist,Ford Motor Company,"['GenAI', 'Big query', 'vertex AI', 'time-series models']",Full time,"Chennai, India",0-2 Years
318,Data Scientist,Product Data Scientist,PayPal,"['R', 'Tableau', 'Excel', 'Sql', 'Python']",Full time,India,3-5 Years
319,Data Scientist,Lead Engineer - Data Scientist,Veeva,"['snowflake', 'Snowpark', 'CI/CD', 'R', 'MDX/DAX']",Full time,India,5-7 Years
320,Data Scientist,DATA SCIENCE INTERNSHIP AN PUNE,Maxgen Technologies Private Limited,"['Internship', 'Live Projects', 'Academic Projects']",Full time,"Pune, Dhule",Fresher
321,Data Scientist,Data Scientist,Cognizant,"['Speech', 'BERT', 'Entity Extraction', 'Google Dialogflow']",Full time,"Pune, India",10-16 Years
322,Data Scientist,Data Scientist,Airbus pioneers,[],Full time,"Bengaluru / Bangalore, India",Fresher
323,Data Scientist,Data Scientist 4,Oracle,"['data infrastructure', 'feature engineering', 'cloud-based analytics']",Full time,"Bengaluru / Bangalore, India",10-12 Years
324,Data Scientist,DATA SCIENCE INTERNSHIP AT Ahmedabad,Maxgen Technologies Private Limited,"['Internship', 'Live Projects', 'Academic Projects']",Full time,"Ahmedabad, Gandhinagar",Fresher
325,Data Scientist,DATA SCIENCE INTERNSHIP AT PUNE,Maxgen Technologies Private Limited,"['Internship', 'Live Projects', 'Academic Projects']",Full time,"Pune, Kolhapur",Fresher
326,Data Scientist,Data Scientist- IT,Elite,"['Statistical Modelling.', 'Data Scientist', 'Sql', 'Python']",Full time,Coimbatore,1-6 Years
327,Data Scientist,Data Scientist Job,Dmaic Academy And Consultancy,['Data Scientist'],Full time,"Hyderabad / Secunderabad, Telangana",5-7 Years
328,Data Scientist,Data Scientist,Elite,['Data Scientist'],Full time,Coimbatore,4-10 Years
329,Data Scientist,Data Scientist,Elite,['Data Scientist'],Full time,Coimbatore,2-7 Years
330,Data Scientist,Lead- Data scientist,Company name confidential,"['Data learning', 'Data Scientist']","Jobs for Women, Full time",Ahmedabad,4-7 Years
331,Data Scientist,Data Scientist,Ericsson,"['Prediction Models', 'Llm', 'Gen AI', 'Pyspark']",Full time,"Noida, India",5-10 Years
332,Data Scientist,Senior Data Scientist,3Pillar Global,"['Pandas', 'Numpy']",Full time,"Indi, India",7-15 Years
333,Data Scientist,Data Scientist,Company name confidential,"['Big Data', 'Machine Learning']","Work From Home, Full time","Bengaluru / Bangalore, Pune",1-5 Years
334,Data Scientist,MLOps Engineer,Aptiv,"['Airflow', 'versioning', 'Architect', 'scikit-learn']",Full time,"Bengaluru / Bangalore, India",5-12 Years
335,Data Scientist,Data Specialist Insights,A.P. Moller - Maersk,"['process mining', 'Data Specialist', 'Ai', 'Azure Analysis Services']",Full time,"Pune, India",7-9 Years
336,Data Scientist,"Data Scientist , AI /Machine Learning Engineer",Uplers,"['Generative AI', 'Machine Learning', 'software design patterns']",Full time,"Nilanga, India",0-5 Years
337,Data Scientist,BI Developer - SP&S Business Intelligence,Siemens Gamesa,"['Transform', 'Power Apps', 'BI Developer', 'data warehouse design']",Full time,"Bengaluru / Bangalore, India",2-7 Years
338,Data Scientist,Data Scientist,Informatica,"['Power Bi', 'Dax', 'Python', 'Sql']",Full time,"Bengaluru / Bangalore, India",3-5 Years
339,Data Scientist,Data Scientist,LTIMindtree Limited,"['AL/ML .Python', 'Vertex AI', 'Data Scientist', 'BigQuery']",Full time,"Bengaluru / Bangalore, Hyderabad / Secunderabad, Telangana",6-8 Years
340,Data Scientist,Data Scientist-Python developer,Mpowering HR Solutions,"['Data Preprocessing', 'AzureML', 'python package development']",Full time,"Bengaluru / Bangalore, Pune",3-8 Years
341,Data Scientist,Senior Data Scientist,FourKites,"['Cloud Platforms', 'C/C++', 'Machine Learning']",Full time,"Chennai, India",0-5 Years
342,Data Scientist,Data Scientist - Senior Manager,Genpact,"['Gradient Boosting', 'Scikit-learn', 'Classification']",Full time,Bengaluru / Bangalore,0-2 Years
343,Data Scientist,Data Scientist,Company name confidential,"['Python', 'Ruby']","Work From Home, Full time",Bengaluru / Bangalore,0-5 Years
344,Data Scientist,Staff Engineer - Data Scientist,Freshworks,"['knowledge graphs', 'LLMs', 'Transformers', 'AI frameworks']",Full time,"Bengaluru / Bangalore, India",8-10 Years
345,Data Scientist,Data Scientist,Company name confidential,"['Machine Learning', 'Python']","Work From Home, Full time",Bengaluru / Bangalore,0-5 Years
346,Data Scientist,Lead Data Scientist,Cognizant,[],Full time,"Chennai, India",Fresher
347,Data Scientist,Data Scientist,Elliotts Immigrations Services LLP,"['Database Administrator', 'Data Analysis', 'Data Scientist']","International, Full time","Canada, Germany",2-11 Years
348,Data Scientist,Senior Data Scientist,Skyleaf Consultants LLP,"['Data Scientist', 'Python', 'Data Visualization']",Full time,Kolkata,7-9 Years
349,Data Scientist,Data Scientist,HNM Solutions,"['RDBMS and Machine learning', 'python', 'AWS']",Full time,"Bengaluru / Bangalore, Hyderabad / Secunderabad, Telangana",3-4 Years
350,Data Scientist,Data Scientist,Revolancer Limited,"['Python', 'Php', 'Machine Learning', 'Sql']","Work From Home, Full time","Bengaluru / Bangalore, Remote",0-5 Years
351,Data Scientist,AI Data Scientist,Resources Valley,"['Machine Learning', 'Pytorch', 'Python', 'R Programming']",Full time,Jaipur,2-7 Years
352,Data Scientist,Data Scientist,Prt Software Solutions LLP,"['Deep Learning', 'Nlp', 'Machine Learning', 'Classifieds']",Full time,"Bengaluru / Bangalore, Cochin / Kochi / Ernakulam",8-13 Years
353,Data Scientist,Data Scientist - GPT/LLM Product Development,LTIMindtree Limited,"['Llm', 'Product Development', 'GPT']",Full time,"Bengaluru / Bangalore, Kolkata",5-12 Years
354,Data Scientist,Data Scientist Manager,Mpowering HR Solutions,"['R', 'customer analytics', 'Social Media', 'costomer serivice']","Contract Job, Part time","Bengaluru / Bangalore, Pune",8-12 Years
355,Data Scientist,Data Scientist,Company name confidential,"['Machine Learning', 'Python']",Full time,Bengaluru / Bangalore,1-6 Years
356,Data Scientist,Data Scientist - GPT/LLM Product Development,LTIMindtree Limited,"['Llm', 'Product Development', 'GPT']",Full time,"Chennai, Hyderabad / Secunderabad, Telangana",5-12 Years
357,Data Scientist,Data Scientist | Pune,WovV Technologies (Division of Techno compass consulting Pvt Ltd),"['Cloud (Azure', 'AWS)', 'ML Algorithms', 'Python']","Work From Home, Full time",Pune,2-7 Years
358,Data Scientist,Data Scientist,D Square Consulting Services Private Limited,"['Ai', 'Python', 'Sql', 'Ml', 'Data Science']","International, Full time",Other International,5-10 Years
359,Data Scientist,Principal Engineer Data Scientist REF17551N All Client Loc (Job Code : J47477),Sampoorna Consultants Private Limited,['Manufacturing and Automation - General Experience'],Full time,"Bengaluru / Bangalore, Chennai",13-15 Years
360,Data Scientist,data scientist,Infinix Immigration Service Private Limited,"['Database Administrator', 'Data Analysis', 'Database']","International, Full time","Germany, Hong Kong",1-3 Years
361,Data Scientist,Data Scientist,Quess IT Staffing (Formerly known as Magna Infotech),"['DuckDB', 'Matrix Algebra', 'Statistics', 'Pytorch']",Full time,Pune,4-7 Years
362,Data Scientist,Data Scientist Required in Abroad,Donivia Overseas Private Limited,"['Data Science', 'Machine Learning', 'Artificial Intelligence']",Full time,"Bengaluru / Bangalore, Hyderabad / Secunderabad, Telangana",2-12 Years
363,Data Scientist,Data Scientist,Revolancer Limited,"['HTML', 'Javascript', 'CSS']","Work From Home, Full time",Remote,0-5 Years
364,Data Scientist,Data Scientist - GPT/LLM Product Development,LTIMindtree Limited,"['Llm', 'Product Development', 'GPT']",Full time,"Mumbai, Pune",5-12 Years
365,Data Scientist,Staff Data Scientist,Uplers,"['Looker', 'Communication', 'Analytics', 'Agile']",Full time,"Chennai, India",7-9 Years
366,Data Scientist,Data Scientist,Ericsson,"['statistical learning', 'Real time data ingestion']",Full time,"Noida, India",5-15 Years
367,Data Scientist,Data Scientist,Carrier Global,"['Statistics', 'R', 'Algebra', 'Python', 'Sql', 'Hadoop']",Full time,"Hyderabad / Secunderabad, Telangana, India",6-9 Years
368,Data Scientist,"Sr Data Scientist (Heavy DL, Python, CV)",HERE Technologies,"['classifiers', 'Bayesian network analysis', 'predictive modeling solutions']",Full time,"Mumbai, India",5-7 Years
369,Data Scientist,Senior Data Scientist,Lowe's India,"['PRECISION', 'search recall', 'Inventory', 'Capacity Planning']",Full time,"Bengaluru / Bangalore, India",1-2 Years
370,Data Scientist,Senior Data Scientist,Oceaneering,"['Deep Stream Framework', 'NVIDIA""s Jetson Board']",Full time,"Pune, India",3-5 Years
371,Data Scientist,Staff Data Scientist,Uplers,"['Looker', 'Communication', 'Analytics', 'Agile']",Full time,"Pune, India",7-9 Years
372,Data Scientist,Data Scientist,Sprinklr,"['topic modeling', 'anomaly detection', 'R', 'Blending']",Full time,"Gurgaon / Gurugram, India",0-2 Years
373,Data Scientist,Manager_Lead_Data Scientist/ Machine Learning _Pune,Vodafone,"['predictive models', 'data expertise', 'modelling techniques']",Full time,Pune,0-2 Years
374,Data Scientist,Data Scientist,NETAPP,"['unsupervised', 'Data Intelligence', 'AI/ML', 'supervised']",Full time,"Bengaluru / Bangalore, India",4-8 Years
375,Data Scientist,"Data Scientist II, Forecasting, Selling Partner Services",Amazon Music,"['Statistical', 'r', 'theoretical models', 'Data Analysis']",Full time,India,2-3 Years
376,Data Scientist,Sr Data Scientist,Amazon Music,"['Ai', 'Large Foundational Models', 'Unsupervised']",Full time,India,6-8 Years
377,Data Scientist,Senior Data Scientist,NETAPP,"['Ai', 'Natural Language Processing', 'Deep Learning']",Full time,"Bengaluru / Bangalore, India",8-12 Years
378,Data Scientist,Lead Data Scientist,Freshworks,"['Machine Learning', 'Python', 'Big Data', 'Data Structures']",Full time,"Bengaluru / Bangalore, India",0-2 Years
379,Data Scientist,Senior Data Scientist - Marketplace (India),Gojek,"['Statistics', 'CI/CD', 'dbt', 'Visualization', 'Python']",Full time,"Bengaluru / Bangalore, India",5-7 Years
380,Data Scientist,DG-Manager-Data Scientist,Genpact,"['R', 'Sql', 'Power Bi', 'Plsql', 'Python', 'Tableau']",Full time,"Hyderabad / Secunderabad, Telangana",0-2 Years
381,Data Scientist,Data Scientist,ExxonMobil,"['commercial software development', 'identifying and scoping data science opportunities']",Full time,"Bengaluru / Bangalore, India",4-6 Years
382,Data Scientist,Lead Data Scientist - Mumbai - FMCG Giant,Michael Page,"['Strategic mindset', 'Business', 'marketing effectiveness']",Full time,"Mumbai, India",9-12 Years
383,Data Scientist,Principal Data Scientist,Lowe's India,"['Aster', 'Teradata', 'Java', 'Rust', 'Machine Learning']",Full time,"Bengaluru / Bangalore, India",3-8 Years
384,Data Scientist,Data Scientist,A.P. Moller - Maersk,"['Ai', 'Data Science', 'Machine Learning', 'Data Analytics']",Full time,"Pune, India",0-2 Years
385,Data Scientist,Senior Data Scientist,Oracle,[],Full time,India,Fresher
386,Data Scientist,Manager - Data Scientist,Mphasis,"['BERT', 'LSTM', 'Dataiku', 'RNNs', 'No-SQL', 'Machine Learning']",Full time,"Hyderabad / Secunderabad, Telangana, India",4-10 Years
387,Data Scientist,Data Scientist,Visa,"['Transformation', 'scalable solutions', 'Go', 'Ingestion']",Full time,"Bengaluru / Bangalore, India",2-4 Years
388,Data Scientist,Data Scientist,A.P. Moller - Maersk,"['Ai', 'Statistics', 'Machine Learning', 'Data Analytics']",Full time,"Pune, India",0-2 Years
389,Data Scientist,Data Scientist,A.P. Moller - Maersk,"['Ai', 'Statistics', 'Data Analytics', 'Machine Learning']",Full time,"Pune, India",0-2 Years
390,Data Scientist,Data Scientist 3,Oracle,"['scikit-learn', 'Pyspark', 'Tensorflow', 'Pytorch']",Full time,"Bengaluru / Bangalore, India",0-2 Years
391,Data Scientist,Sr. Data Scientist,Visa,"['R', 'Hive', 'Tableau', 'Sql', 'Python']",Full time,"Bengaluru / Bangalore, India",5-8 Years
392,Data Scientist,DATA - Data Scientist-2,Michelin,[],Full time,"Pune, India",Fresher
393,Data Scientist,DATA SCIENCE INTERNSHIP AT AHMEDABAD,Maxgen Technologies Private Limited,"['Internship', 'Live Projects', 'Academic Projects']",Full time,"Ahmedabad, Anand",Fresher
394,Data Scientist,Sr. Data Scientist,Visa,"['R', 'Hive', 'Tableau', 'Sql', 'Python']",Full time,"Bengaluru / Bangalore, India",2-4 Years
395,Data Scientist,Senior Manager _ Project Lead _Senior Data Scientist / ML Engineer _ D&A _ Pune,Vodafone Intelligent Solutions,"['Big Data', 'Data Analytics', 'Statistical Analysis']",Full time,"Pune, India",5-7 Years
396,Data Scientist,Manager_Lead_Data Scientist_Pune,Vodafone Intelligent Solutions,"['theano', 'statsmodels', 'Tensorflow', 'Numpy']",Full time,"Pune, India",0-2 Years
397,Data Scientist,DATA SCIENCE INTERNSHIP IN PUNE,Maxgen Technologies Private Limited,"['Internship', 'Live Projects', 'Academic Projects']",Full time,Nanded,Fresher
398,Data Scientist,"Manager_Lead_Data Scientist, Machine Learning _Pune",Vodafone Intelligent Solutions,"['theano', 'statsmodels', 'Tensorflow', 'Numpy']",Full time,"Pune, India",0-2 Years
399,Data Scientist,Senior Manager_Project Manager_Senior Data Scientist_Pune,Vodafone Intelligent Solutions,"['theano', 'statsmodels', 'Tensorflow', 'Numpy']",Full time,"Pune, India",0-2 Years
400,Data Scientist,Senior Manager _ Project Lead _Senior Data Scientist / ML Engineer _ D&A _ Pune,Vodafone,"['Data Science', 'Machine Learning', 'Big Data']",Full time,Pune,5-7 Years
401,Machine Learning Engineer,Machine Learning Ops Engineer,LTIMindtree Limited,"['Machine Learning Ops', 'Machine Learning']",Full time,"Bengaluru / Bangalore, Chennai",5-9 Years
402,Machine Learning Engineer,Machine Learning Engineer Required in Abroad,Donivia Overseas Private Limited,"['machine learning engineer', 'Machine Learning']",Full time,"Bengaluru / Bangalore, Hyderabad / Secunderabad, Telangana",2-12 Years
403,Machine Learning Engineer,Principal Machine Learning Engineer,Atlassian,"['OpenAI LLMs', 'RESTful microservices', 'Python']",Full time,"Bengaluru / Bangalore, India",0-2 Years
404,Machine Learning Engineer,ML Developer- WFH,Uplers,"['ChatGPT', 'llm prompt engineering', 'snowflake']",Full time,"Chennai, India",4-6 Years
405,Machine Learning Engineer,Staff Machine Learning Engineer,PayPal,"['Ai', 'Machine Learning', 'Pytorch', 'Gcp', 'Hadoop']",Full time,India,4-5 Years
406,Machine Learning Engineer,Machine Learning Engineer,A.P. Moller - Maersk,"['simulated annealing', 'scikit-learn', 'Genetic']",Full time,"Bengaluru / Bangalore, India",5-7 Years
407,Machine Learning Engineer,"Engineer Lead, Senior",Qualcomm,"['LLMs', 'CUDNN', 'Problem Solver', 'C/C++/Python programming']",Full time,"Bengaluru / Bangalore, India",1-2 Years
408,Machine Learning Engineer,Machine Learning Engineer,HighPoints Technologies India Private Limited,"['Llm', 'RAG pipelines', 'Machine Learning', 'Python']",Full time,"Gurgaon / Gurugram, Chandigarh",4-10 Years
409,Machine Learning Engineer,Senior Software Engineer - Machine Learning,Freshworks,"['online learning', 'streaming applications', 'Distributed Systems']",Full time,"Bengaluru / Bangalore, India",0-2 Years
410,Machine Learning Engineer,Machine Learning Engineer,A.P. Moller - Maersk,"['simulated annealing', 'scikit-learn', 'Genetic']",Full time,"Pune, India",5-7 Years
411,Machine Learning Engineer,Machine Learning Engineer,A.P. Moller - Maersk,"['simulated annealing', 'scikit-learn', 'Genetic']",Full time,"Bengaluru / Bangalore, India",5-7 Years
412,Machine Learning Engineer,Performance Solutions Engineer (Machine Learning),PubMatic,"['Statistical Techniques', 'ADTECH', 'Interpersonal']",Full time,"Pune, India",0-2 Years
413,Machine Learning Engineer,Machine Learning Engineer,Atlassian,"['sci-kit-learn', 'OpenAI LLMs', 'Keras/TensorFlow/PyTorch']",Full time,"Bengaluru / Bangalore, India",0-2 Years
414,Machine Learning Engineer,Machine Learning Engineer Required in Abroad,Donivia Overseas Private Limited,"['machine learning engineer', 'Machine Learning']",Full time,"Bengaluru / Bangalore, Hyderabad / Secunderabad, Telangana",2-12 Years
415,Machine Learning Engineer,Senior Machine Learning Engineer/Data Scientist,Oracle,"['Availability', 'Engineering', 'Security', 'Enterprise Engineering']",Full time,"Bengaluru / Bangalore, India",5-7 Years
416,Machine Learning Engineer,Machine Learning Engineer,Company name confidential,"['Machine Learning', 'Python']","Work From Home, Full time",Bengaluru / Bangalore,0-4 Years
417,Machine Learning Engineer,ML Developer - WFH,Uplers,"['ChatGPT', 'llm prompt engineering', 'snowflake']",Full time,"Ghaziabad, India",4-6 Years
418,Machine Learning Engineer,Machine Learning Engineer (L3),Twillio,"['Python', 'Keras', 'Pytorch', 'Dynamodb', 'Tensorflow']",Full time,"Bengaluru / Bangalore, India",5-7 Years
419,Machine Learning Engineer,AI and Machine Learning Engineer,Hewlett Packard Enterprise,"['Machine Learning', 'Artificial Intelligence', 'Python']",Full time,"Bengaluru / Bangalore, India",0-3 Years
420,Machine Learning Engineer,Staff Machine Learning Engineer,ShareChat,"['data preprocessing', 'Visualization', 'analyzing funnels']",Full time,"Bengaluru / Bangalore, India",0-2 Years
421,Machine Learning Engineer,Senior ML Engineer,Uplers,"['ChatGPT', 'llm prompt engineering', 'snowflake']",Full time,"Bengaluru / Bangalore, India",4-6 Years
422,Machine Learning Engineer,Senior ML Engineer,Uplers,"['ChatGPT', 'llm prompt engineering', 'snowflake']",Full time,"Ghaziabad, India",4-6 Years
423,Machine Learning Engineer,Senior ML Engineer,Uplers,"['ChatGPT', 'llm prompt engineering', 'snowflake']",Full time,"Mumbai, India",4-6 Years
424,Machine Learning Engineer,"Data Scientist , AI /Machine Learning Engineer",Uplers,"['Generative AI', 'Machine Learning', 'software design patterns']",Full time,"Nilanga, India",0-5 Years
425,Machine Learning Engineer,Python Developer,HCL Technologies Limited,"['Python', 'Microservices', 'Kubernetes', 'Machine Learning']",Full time,Bengaluru / Bangalore,3-10 Years
426,Machine Learning Engineer,Senior Machine Learning Engineer,Porter,"['Statistics', 'snowflake', 'Statistical Modeling']",Full time,"Bengaluru / Bangalore, India",4-7 Years
427,Machine Learning Engineer,Senior ML Engineer,Uplers,"['ChatGPT', 'llm prompt engineering', 'snowflake']",Full time,"Kolkata, India",4-6 Years
428,Machine Learning Engineer,Urgent Hiring MLE (Machine Learning Engineer),Capgemini Technology Services India Limited,['MLE'],Full time,"Hyderabad / Secunderabad, Telangana, Kolkata",3-8 Years
429,Machine Learning Engineer,Machine Learning Engineer- Bengaluru,Uplers,"['Large Language Model (LLM)', 'Machine Learning']",Full time,"Bengaluru / Bangalore, India",7-9 Years
430,Machine Learning Engineer,Machine Learning Engineer,Askexim Services,"['Machine Learning', 'Pyspark', 'Python', 'Scala']",Full time,"Bengaluru / Bangalore, Pune",3-6 Years
431,Machine Learning Engineer,Machine Learning Engineer II,Uplers,"['ChatGPT', 'llm prompt engineering', 'snowflake']",Full time,"Ghaziabad, India",0-4 Years
432,Machine Learning Engineer,Senior Machine Learning Engineer,Uplers,"['Large Language Model (LLM)', 'Machine Learning']",Full time,"Bengaluru / Bangalore, India",7-9 Years
433,Machine Learning Engineer,Machine Learning Engineer- Python,Uplers,"['Large Language Model (LLM)', 'Machine Learning']",Full time,"Bengaluru / Bangalore, India",7-9 Years
434,Machine Learning Engineer,Lead Machine Learning Engineer (WFH),Uplers,"['ChatGPT', 'llm prompt engineering', 'snowflake']",Full time,"Mumbai, India",6-8 Years
435,Machine Learning Engineer,Machine Learning Engineer- WFH,Uplers,"['Large Language Model (LLM)', 'Machine Learning']",Full time,"Pune, India",7-9 Years
436,Machine Learning Engineer,Machine Learning Engineer- Bengaluru,Uplers,"['Large Language Model (LLM)', 'Machine Learning']",Full time,"Bengaluru / Bangalore, India",7-9 Years
437,Machine Learning Engineer,Machine Learning Engineer | ChatGPT,Uplers,"['ChatGPT', 'llm prompt engineering', 'snowflake']",Full time,"Pune, India",6-8 Years
438,Machine Learning Engineer,Lead Machine Learning Engineer (WFH),Uplers,[],Full time,"Ghaziabad, India",Fresher
439,Machine Learning Engineer,Machine Learning Engineer | ChatGPT,Uplers,"['ChatGPT', 'llm prompt engineering', 'snowflake']",Full time,"Noida, India",6-8 Years
440,Machine Learning Engineer,Machine Learning Engineer- WFH,Uplers,"['ChatGPT', 'llm prompt engineering', 'snowflake']",Full time,"Noida, India",4-6 Years
441,Machine Learning Engineer,Machine Learning Engineer- WFH,Uplers,"['ChatGPT', 'llm prompt engineering', 'snowflake']",Full time,"Noida, India",4-6 Years
442,Machine Learning Engineer,Machine Learning Engineer (WFH),Uplers,"['ChatGPT', 'llm prompt engineering', 'snowflake']",Full time,"Delhi, India",6-8 Years
443,Machine Learning Engineer,Machine Learning Engineer- WFH,Uplers,"['ChatGPT', 'llm prompt engineering', 'snowflake']",Full time,"Hyderabad / Secunderabad, Telangana, India",4-6 Years
444,Machine Learning Engineer,Sr. Machine Learning Engineer (WFH),Uplers,"['ChatGPT', 'llm prompt engineering', 'snowflake']",Full time,"Noida, India",6-8 Years
445,Machine Learning Engineer,Lead Machine Learning Engineer,Epsilon India,"['Serverless Frameworks', 'Data Catalog', 'Agile/Scrum']",Full time,"Bengaluru / Bangalore, India",10-12 Years
446,Machine Learning Engineer,Machine Learning Engineer (WFH),Uplers,"['ChatGPT', 'llm prompt engineering', 'snowflake']",Full time,"Bengaluru / Bangalore, India",6-8 Years
447,Machine Learning Engineer,Senior Machine Learning Engineer,Epsilon India,"['Serverless Frameworks', 'Data Catalog', 'Agile/Scrum']",Full time,"Bengaluru / Bangalore, India",5-7 Years
448,Machine Learning Engineer,Sr Machine Learning Engineer,servicenow,"['BI technologies', 'Customer', 'Sales', 'Product']",Full time,"Hyderabad / Secunderabad, Telangana, India",5-7 Years
449,Machine Learning Engineer,Machine Learning Engineer,A.P. Moller - Maersk,"['simulated annealing', 'scikit-learn', 'Genetic']",Full time,"Bengaluru / Bangalore, India",2-4 Years
450,Machine Learning Engineer,ML Developer,Uplers,"['Large Language Model (LLM)', 'Machine Learning']",Full time,"Bengaluru / Bangalore, India",7-9 Years
451,Machine Learning Engineer,Machine Learning Solution engineer,Uplers,"['Large Language Model (LLM)', 'Machine Learning']",Full time,"Bengaluru / Bangalore, India",7-9 Years
452,Machine Learning Engineer,Machine Learning Engineer,Uplers,"['R Python', 'Problem Solving Attitude', 'Machine Learning']",Full time,"Hyderabad / Secunderabad, Telangana, India",3-5 Years
453,Machine Learning Engineer,Lead Machine Learning Engineer,Epsilon India,"['Serverless Frameworks', 'Data Catalog', 'Agile/Scrum']",Full time,"Bengaluru / Bangalore, India",10-12 Years
454,Machine Learning Engineer,Machine Learning Developer,Uplers,"['Large Language Model (LLM)', 'Machine Learning']",Full time,"Bengaluru / Bangalore, India",7-9 Years
455,Machine Learning Engineer,Performance Solutions Engineer (Machine Learning),PubMatic,"['Statistical Techniques', 'ADTECH', 'Interpersonal']",Full time,"Pune, India",0-2 Years
456,Machine Learning Engineer,Machine Learning Associate,Uplers,"['Large Language Model (LLM)', 'Machine Learning']",Full time,"Bengaluru / Bangalore, India",7-9 Years
457,Machine Learning Engineer,ETL Developer,HighPoints Technologies India Private Limited,['ETL Developer'],Full time,"Gurgaon / Gurugram, Chandigarh",3-6 Years
458,Machine Learning Engineer,ML Engineer,Uplers,"['Large Language Model (LLM)', 'Machine Learning']",Full time,"Bengaluru / Bangalore, India",7-9 Years
459,Machine Learning Engineer,ML Engineer- WFH,Uplers,"['ChatGPT', 'llm prompt engineering', 'snowflake']",Full time,"Noida, India",4-6 Years
460,Machine Learning Engineer,Embedded AI/ML-SOC,Aptiv,"['Performance Optimization', 'Fixed Point Implementation']",Full time,"Bengaluru / Bangalore, India",5-10 Years
461,Machine Learning Engineer,ML Engineer- WFH,Uplers,"['ChatGPT', 'llm prompt engineering', 'snowflake']",Full time,"Pune, India",4-6 Years
462,Machine Learning Engineer,ML Engineer (WFH),Uplers,"['ChatGPT', 'llm prompt engineering', 'snowflake']",Full time,"Ghaziabad, India",6-8 Years
463,Machine Learning Engineer,Machine Learning Developer,Uplers,"['Large Language Model (LLM)', 'Machine Learning']",Full time,"Bengaluru / Bangalore, India",7-9 Years
464,Machine Learning Engineer,Cloud Developer,Hewlett Packard Enterprise,"['Scala', 'Pytorch', 'Tensorflow', 'Python', 'Kubernetes']",Full time,"Hyderabad / Secunderabad, Telangana, India",5-7 Years
465,Machine Learning Engineer,AI Engineer,True Tech Professionals Private Limited,"['Llm', 'Data Scientist', 'Nlp']",Full time,Gurgaon / Gurugram,4-7 Years
466,Machine Learning Engineer,AI-ML Engineer,Redberyl Tech Solutions Private Limited,"['Computer Science', 'deep learning Usage', 'Service Industry']",Full time,"Mumbai, Pune",4-14 Years
467,Machine Learning Engineer,Senior Machine Learning Ops Engineer,Clarivate,"['LLMOps', 'AWS', 'Pytorch', 'Python', 'Bash', 'Kubernetes']",Full time,"Noida, India",7-9 Years
468,Machine Learning Engineer,Machine Learning,E-Solution India,"['mobile robotics', 'Robotics', 'Nvidia', 'TFlite']",Full time,Bengaluru / Bangalore,2-12 Years
469,Machine Learning Engineer,"Machine Learning Engineer, Trilogy (Remote) - $60,000/year USD",Crossover,"['LLMs', 'Ai', 'Python', 'AWS']",Full time,"Lucknow, India",0-2 Years
470,Machine Learning Engineer,Machine Learning Engineer,Hempel A/S,"['GenAI', 'Microsoft Graph', 'Blob Storage', 'data engineering']",Full time,"Mumbai, India",0-2 Years
471,Machine Learning Engineer,"Machine Learning Engineer, IgniteTech (Remote) - $60,000/year USD",Crossover,"['GenAI', 'C#', '.NET', 'SQL Server', 'Json']",Full time,"Delhi, India",3-5 Years
472,Machine Learning Engineer,"Machine Learning Engineer, Trilogy (Remote) - $60,000/year USD",Crossover,"['LLMs', 'Ai', 'Python', 'AWS']",Full time,"Chandigarh, India",0-2 Years
473,Machine Learning Engineer,"Machine Learning Engineer, Trilogy (Remote) - $60,000/year USD",Crossover,"['LLMs', 'Ai', 'Python', 'AWS']",Full time,"Pimpri, India",0-2 Years
474,Machine Learning Engineer,Senior Machine Learning Engineer,IntellAI,"['Verbal Communication', 'Problem Solving', 'Written Communication']",Full time,"Mumbai, India",0-2 Years
475,Machine Learning Engineer,Software Engineer - Machine Learning,Splore,"['ML libraries', 'Deep Learning', 'Nlp', 'Big Data Technologies']",Full time,"Bengaluru / Bangalore, India",0-2 Years
476,Machine Learning Engineer,Senior Machine Learning Engineer,Accrete AI,"['ML OPS', 'Cloud Platforms', 'Azure Machine Learning']",Full time,"Mumbai, India",3-8 Years
477,Machine Learning Engineer,Senior Machine Learning Engineer,OneOrigin,"['Generative AI', 'Document Processing', 'Large Language Models']",Full time,"Bengaluru / Bangalore, India",5-8 Years
478,Machine Learning Engineer,Senior Machine Learning Engineer,Botminds AI,"['spacy', 'large language models', 'transformer models']",Full time,"Chennai, India",2-5 Years
479,Machine Learning Engineer,D&T Machine Learning Engineer I,Cheerios,"['AI/ML', 'dbt', 'Infrastructure', 'Kanban', 'Github Actions']",Full time,"Powai, Mumbai",2-4 Years
480,Machine Learning Engineer,Machine Learning Engineer (Search),alle,"['AI/ML', 'Modelling', 'Search', 'Data Analysis']",Full time,"Bengaluru / Bangalore, India",3-5 Years
481,Machine Learning Engineer,Machine Learning Engineer,Yavar.AI,"['scikit-learn', 'huggingface', 'apache spark mlib']",Full time,"Coimbatore, India",3-5 Years
482,Machine Learning Engineer,Machine Learning Engineer - II,Groww,"['Credit Risk', 'scorecards', 'Machine Learning']",Full time,"Bengaluru / Bangalore, India",5-7 Years
483,Machine Learning Engineer,Machine Learning Engineer and MLOP/Cloud engineer,Conneqt,"['Azure Stack', 'Oops', 'Azure ML', 'Adb', 'Git']",Full time,"Bengaluru / Bangalore, India",2-4 Years
484,Machine Learning Engineer,Senior Machine Learning Engineer (SRE),UPS,"['Ai', 'Looker', 'Fargate', 'Kanban', 'Ml', 'Java']",Full time,"Chennai, India",0-2 Years
485,Machine Learning Engineer,Machine Learning Engineer/Researcher,Artpark,"['Signal Processing', 'probability', 'Speech Processing']",Full time,"Bengaluru / Bangalore, India",0-2 Years
486,Machine Learning Engineer,Lead Machine Learning Engineer,Viavi Solutions,"['Deep Learning', 'No Sql', 'python', 'Machine Learning']",Full time,"Chennai, India",10-12 Years
487,Machine Learning Engineer,Senior Machine Learning Engineer,Wayfair,"['Airflow', 'Regression', 'MLlib/Spark ML', 'Kubeflow']",Full time,"Bengaluru / Bangalore, India",6-9 Years
488,Machine Learning Engineer,Machine Learning Engineer,Wayfair,"['Airflow', 'Regression', 'MLlib/Spark ML', 'Kubeflow']",Full time,"Bengaluru / Bangalore, India",1-2 Years
489,Machine Learning Engineer,Product Development Engineer II - Machine Learning,Phenom,"['mathematics', 'probability', 'Multithreaded']",Full time,"Hyderabad / Secunderabad, Telangana, India",4-6 Years
490,Machine Learning Engineer,Machine Learning Engineer,Groww,"['Ai', 'Data Science', 'Machine Learning', 'Algorithms']",Full time,"Bengaluru / Bangalore, India",0-2 Years
491,Machine Learning Engineer,Senior Machine Learning Engineer,Siena Ai,"['deep learning frameworks', 'big-data', 'cloud computing management']",Full time,"Bengaluru / Bangalore, India",3-5 Years
492,Machine Learning Engineer,Machine Learning Engineer - NLP,Level Ai,"['scikit-learn', 'Pub/Sub', 'Machine Learning']",Full time,"Delhi, India",1-3 Years
493,Machine Learning Engineer,Machine Learning Engineer,Earnin,"['Cv', 'Nlp', 'python', 'Machine Learning', 'data engineering']",Full time,"Bengaluru / Bangalore, India",3-5 Years
494,Machine Learning Engineer,Senior Machine learning Engineer - Prescriptive Analytics,NuRe FutureTech,"['simulation methods', 'prescriptive analytics']",Full time,"Chennai, India",4-6 Years
495,Machine Learning Engineer,Data Scientist III,Walmart Global Tech India,"['Big Data Skills', 'R', 'Machine Learning', 'Python']",Full time,"Bengaluru / Bangalore, India",2-4 Years
496,Machine Learning Engineer,Artificial Intelligence Engineer,Ascendion,"['scikit-learn', 'python', 'Scala', 'Numpy', 'Nltk']",Full time,"Bengaluru / Bangalore, India",5-6 Years
497,Machine Learning Engineer,Senior Data Scientist (MLE),Walmart,"['Big Data Skills', 'R', 'Machine Learning', 'Python']",Full time,"Bengaluru / Bangalore, India",5-7 Years
498,Machine Learning Engineer,Product Manager For AI and Machine Learning,L4B Software,"['ml-ops', 'Nlp', 'Apache', 'Machine Learning']",Full time,"Pune, India",5-7 Years
499,Machine Learning Engineer,Specialty Development Senior,FastSwitch - Great Lakes Pvt Ltd.,"['Problem Solving', 'Kubernete', 'AI Platform']",Full time,India,3-5 Years
500,Machine Learning Engineer,AI/ML Engineer,Numentica,"['data preprocessing', 'Data Analysis', 'yolo']",Full time,"Bengaluru / Bangalore, India",2-5 Years
